trial,testing,parameters,initial_deadline,final_deadline,net_reward,actions,success
1,False,"{'a': 0.2, 'e': 0.996}",25,0,-118.74762582706458,"{0: 12, 1: 6, 2: 6, 3: 0, 4: 1}",0
2,False,"{'a': 0.2, 'e': 0.992}",20,0,-145.0872740807027,"{0: 13, 1: 0, 2: 4, 3: 0, 4: 3}",0
3,False,"{'a': 0.2, 'e': 0.988}",25,0,-110.3660415271596,"{0: 10, 1: 7, 2: 7, 3: 1, 4: 0}",0
4,False,"{'a': 0.2, 'e': 0.984}",20,0,-83.61847710791906,"{0: 11, 1: 0, 2: 9, 3: 0, 4: 0}",0
5,False,"{'a': 0.2, 'e': 0.98}",30,0,-177.14283728495047,"{0: 18, 1: 3, 2: 6, 3: 0, 4: 3}",0
6,False,"{'a': 0.2, 'e': 0.976}",20,0,-137.12090959292638,"{0: 13, 1: 1, 2: 3, 3: 0, 4: 3}",0
7,False,"{'a': 0.2, 'e': 0.972}",20,1,-34.66915920228114,"{0: 12, 1: 4, 2: 3, 3: 0, 4: 0}",1
8,False,"{'a': 0.2, 'e': 0.968}",25,9,-13.050205916702463,"{0: 11, 1: 4, 2: 1, 3: 0, 4: 0}",1
9,False,"{'a': 0.2, 'e': 0.964}",20,0,-32.41032208526221,"{0: 14, 1: 2, 2: 4, 3: 0, 4: 0}",0
10,False,"{'a': 0.2, 'e': 0.96}",20,0,-181.7009136816282,"{0: 7, 1: 4, 2: 5, 3: 2, 4: 2}",0
11,False,"{'a': 0.2, 'e': 0.956}",20,0,-45.11592938557922,"{0: 16, 1: 0, 2: 3, 3: 0, 4: 1}",0
12,False,"{'a': 0.2, 'e': 0.952}",25,0,-161.49631315378625,"{0: 13, 1: 1, 2: 9, 3: 0, 4: 2}",0
13,False,"{'a': 0.2, 'e': 0.948}",20,0,-52.91602594235701,"{0: 10, 1: 6, 2: 4, 3: 0, 4: 0}",0
14,False,"{'a': 0.2, 'e': 0.944}",20,0,-81.37448995054005,"{0: 14, 1: 1, 2: 3, 3: 1, 4: 1}",0
15,False,"{'a': 0.2, 'e': 0.94}",25,0,-60.54976683240099,"{0: 19, 1: 1, 2: 4, 3: 0, 4: 1}",0
16,False,"{'a': 0.2, 'e': 0.9359999999999999}",20,1,-105.06213807447921,"{0: 11, 1: 2, 2: 3, 3: 2, 4: 1}",1
17,False,"{'a': 0.2, 'e': 0.9319999999999999}",30,0,-243.0465105104154,"{0: 13, 1: 6, 2: 7, 3: 0, 4: 4}",0
18,False,"{'a': 0.2, 'e': 0.9279999999999999}",20,0,-16.268243276174278,"{0: 15, 1: 3, 2: 2, 3: 0, 4: 0}",0
19,False,"{'a': 0.2, 'e': 0.9239999999999999}",25,9,4.240546730784576,"{0: 14, 1: 1, 2: 1, 3: 0, 4: 0}",1
20,False,"{'a': 0.2, 'e': 0.9199999999999999}",30,0,-112.13201375368327,"{0: 19, 1: 3, 2: 6, 3: 1, 4: 1}",0
21,False,"{'a': 0.2, 'e': 0.9159999999999999}",30,0,-41.26023283590225,"{0: 22, 1: 2, 2: 6, 3: 0, 4: 0}",0
22,False,"{'a': 0.2, 'e': 0.9119999999999999}",20,7,-35.90424966714587,"{0: 8, 1: 1, 2: 4, 3: 0, 4: 0}",1
23,False,"{'a': 0.2, 'e': 0.9079999999999999}",25,0,-115.90820986912892,"{0: 18, 1: 0, 2: 4, 3: 1, 4: 2}",0
24,False,"{'a': 0.2, 'e': 0.9039999999999999}",35,0,-207.27343868511224,"{0: 18, 1: 6, 2: 8, 3: 0, 4: 3}",0
25,False,"{'a': 0.2, 'e': 0.8999999999999999}",30,0,-206.053457326407,"{0: 17, 1: 2, 2: 6, 3: 2, 4: 3}",0
26,False,"{'a': 0.2, 'e': 0.8959999999999999}",20,0,-71.80233137858745,"{0: 14, 1: 1, 2: 4, 3: 0, 4: 1}",0
27,False,"{'a': 0.2, 'e': 0.8919999999999999}",35,0,-94.62877594318927,"{0: 24, 1: 5, 2: 4, 3: 1, 4: 1}",0
28,False,"{'a': 0.2, 'e': 0.8879999999999999}",20,15,9.305104441593329,"{0: 5, 1: 0, 2: 0, 3: 0, 4: 0}",1
29,False,"{'a': 0.2, 'e': 0.8839999999999999}",20,0,-28.289589184837588,"{0: 14, 1: 2, 2: 4, 3: 0, 4: 0}",0
30,False,"{'a': 0.2, 'e': 0.8799999999999999}",30,0,-200.16558289843945,"{0: 18, 1: 3, 2: 5, 3: 0, 4: 4}",0
31,False,"{'a': 0.2, 'e': 0.8759999999999999}",20,0,-144.24057374450197,"{0: 9, 1: 3, 2: 6, 3: 0, 4: 2}",0
32,False,"{'a': 0.2, 'e': 0.8719999999999999}",20,0,-55.7428246330665,"{0: 12, 1: 3, 2: 5, 3: 0, 4: 0}",0
33,False,"{'a': 0.2, 'e': 0.8679999999999999}",30,0,-209.28127669520626,"{0: 15, 1: 4, 2: 7, 3: 1, 4: 3}",0
34,False,"{'a': 0.2, 'e': 0.8639999999999999}",20,0,-108.30453217257765,"{0: 10, 1: 4, 2: 4, 3: 1, 4: 1}",0
35,False,"{'a': 0.2, 'e': 0.8599999999999999}",20,0,-78.2074597992301,"{0: 16, 1: 1, 2: 1, 3: 0, 4: 2}",0
36,False,"{'a': 0.2, 'e': 0.8559999999999999}",20,0,-75.39559699687341,"{0: 14, 1: 1, 2: 3, 3: 1, 4: 1}",0
37,False,"{'a': 0.2, 'e': 0.8519999999999999}",20,0,-112.34853530785885,"{0: 13, 1: 2, 2: 3, 3: 0, 4: 2}",0
38,False,"{'a': 0.2, 'e': 0.8479999999999999}",25,0,-39.59758552499537,"{0: 18, 1: 2, 2: 5, 3: 0, 4: 0}",0
39,False,"{'a': 0.2, 'e': 0.8439999999999999}",25,0,-25.335062484110306,"{0: 19, 1: 3, 2: 3, 3: 0, 4: 0}",0
40,False,"{'a': 0.2, 'e': 0.8399999999999999}",25,0,-147.94200311031935,"{0: 15, 1: 0, 2: 7, 3: 1, 4: 2}",0
41,False,"{'a': 0.2, 'e': 0.8359999999999999}",25,0,-112.10500006409205,"{0: 14, 1: 5, 2: 4, 3: 1, 4: 1}",0
42,False,"{'a': 0.2, 'e': 0.8319999999999999}",20,0,-85.7971641863797,"{0: 11, 1: 5, 2: 3, 3: 0, 4: 1}",0
43,False,"{'a': 0.2, 'e': 0.8279999999999998}",25,0,-2.387518224779493,"{0: 22, 1: 1, 2: 2, 3: 0, 4: 0}",0
44,False,"{'a': 0.2, 'e': 0.8239999999999998}",20,0,-96.05676420042151,"{0: 12, 1: 3, 2: 3, 3: 1, 4: 1}",0
45,False,"{'a': 0.2, 'e': 0.8199999999999998}",25,3,-65.32499494058911,"{0: 12, 1: 3, 2: 7, 3: 0, 4: 0}",1
46,False,"{'a': 0.2, 'e': 0.8159999999999998}",25,7,-87.9183234924233,"{0: 13, 1: 0, 2: 3, 3: 0, 4: 2}",1
47,False,"{'a': 0.2, 'e': 0.8119999999999998}",35,20,-25.409230958907976,"{0: 13, 1: 0, 2: 1, 3: 0, 4: 1}",1
48,False,"{'a': 0.2, 'e': 0.8079999999999998}",20,11,-45.68006121880973,"{0: 6, 1: 1, 2: 1, 3: 0, 4: 1}",1
49,False,"{'a': 0.2, 'e': 0.8039999999999998}",20,0,-24.233664275729954,"{0: 15, 1: 2, 2: 3, 3: 0, 4: 0}",0
50,False,"{'a': 0.2, 'e': 0.7999999999999998}",25,0,-42.5479059068212,"{0: 18, 1: 2, 2: 5, 3: 0, 4: 0}",0
51,False,"{'a': 0.2, 'e': 0.7959999999999998}",20,0,-171.28016921526736,"{0: 12, 1: 2, 2: 2, 3: 0, 4: 4}",0
52,False,"{'a': 0.2, 'e': 0.7919999999999998}",20,0,-28.0922518789448,"{0: 14, 1: 2, 2: 4, 3: 0, 4: 0}",0
53,False,"{'a': 0.2, 'e': 0.7879999999999998}",25,8,-135.96514427064196,"{0: 10, 1: 1, 2: 3, 3: 0, 4: 3}",1
54,False,"{'a': 0.2, 'e': 0.7839999999999998}",25,0,-166.5322515155739,"{0: 14, 1: 1, 2: 6, 3: 2, 4: 2}",0
55,False,"{'a': 0.2, 'e': 0.7799999999999998}",30,0,-92.03725117669228,"{0: 21, 1: 0, 2: 8, 3: 0, 4: 1}",0
56,False,"{'a': 0.2, 'e': 0.7759999999999998}",25,0,-38.409353386168476,"{0: 18, 1: 2, 2: 5, 3: 0, 4: 0}",0
57,False,"{'a': 0.2, 'e': 0.7719999999999998}",20,2,-91.8635434824588,"{0: 10, 1: 1, 2: 6, 3: 0, 4: 1}",1
58,False,"{'a': 0.2, 'e': 0.7679999999999998}",20,0,-119.07346026627611,"{0: 13, 1: 1, 2: 3, 3: 1, 4: 2}",0
59,False,"{'a': 0.2, 'e': 0.7639999999999998}",20,1,-20.618954773639047,"{0: 15, 1: 0, 2: 4, 3: 0, 4: 0}",1
60,False,"{'a': 0.2, 'e': 0.7599999999999998}",20,0,-47.10364679213348,"{0: 16, 1: 1, 2: 2, 3: 0, 4: 1}",1
61,False,"{'a': 0.2, 'e': 0.7559999999999998}",20,0,-72.58946384656603,"{0: 13, 1: 2, 2: 4, 3: 0, 4: 1}",1
62,False,"{'a': 0.2, 'e': 0.7519999999999998}",30,0,-31.841082130597137,"{0: 23, 1: 2, 2: 5, 3: 0, 4: 0}",0
63,False,"{'a': 0.2, 'e': 0.7479999999999998}",30,0,-146.45697847899692,"{0: 19, 1: 0, 2: 9, 3: 0, 4: 2}",0
64,False,"{'a': 0.2, 'e': 0.7439999999999998}",25,4,-30.311485919610483,"{0: 14, 1: 4, 2: 3, 3: 0, 4: 0}",1
65,False,"{'a': 0.2, 'e': 0.7399999999999998}",20,0,-26.036584092943276,"{0: 15, 1: 1, 2: 4, 3: 0, 4: 0}",0
66,False,"{'a': 0.2, 'e': 0.7359999999999998}",20,0,-64.27615731590677,"{0: 15, 1: 1, 2: 2, 3: 1, 4: 1}",0
67,False,"{'a': 0.2, 'e': 0.7319999999999998}",20,0,-54.913310090979785,"{0: 15, 1: 1, 2: 3, 3: 0, 4: 1}",0
68,False,"{'a': 0.2, 'e': 0.7279999999999998}",30,2,-3.2266003281113815,"{0: 23, 1: 3, 2: 2, 3: 0, 4: 0}",1
69,False,"{'a': 0.2, 'e': 0.7239999999999998}",25,14,-4.0124377629754395,"{0: 9, 1: 0, 2: 2, 3: 0, 4: 0}",1
70,False,"{'a': 0.2, 'e': 0.7199999999999998}",20,0,-65.40682673965163,"{0: 14, 1: 2, 2: 3, 3: 0, 4: 1}",0
71,False,"{'a': 0.2, 'e': 0.7159999999999997}",20,9,-36.807417438227745,"{0: 9, 1: 0, 2: 1, 3: 0, 4: 1}",1
72,False,"{'a': 0.2, 'e': 0.7119999999999997}",20,9,-95.06607571755418,"{0: 6, 1: 1, 2: 2, 3: 0, 4: 2}",1
73,False,"{'a': 0.2, 'e': 0.7079999999999997}",25,15,3.8464187342348466,"{0: 8, 1: 2, 2: 0, 3: 0, 4: 0}",1
74,False,"{'a': 0.2, 'e': 0.7039999999999997}",25,0,-100.9983322534504,"{0: 14, 1: 4, 2: 6, 3: 0, 4: 1}",0
75,False,"{'a': 0.2, 'e': 0.6999999999999997}",25,0,-68.62336994415011,"{0: 21, 1: 1, 2: 1, 3: 0, 4: 2}",0
76,False,"{'a': 0.2, 'e': 0.6959999999999997}",25,0,-145.85439776579815,"{0: 15, 1: 1, 2: 6, 3: 1, 4: 2}",0
77,False,"{'a': 0.2, 'e': 0.6919999999999997}",20,4,-65.0617762318753,"{0: 12, 1: 0, 2: 2, 3: 1, 4: 1}",1
78,False,"{'a': 0.2, 'e': 0.6879999999999997}",25,14,-77.74510846510896,"{0: 7, 1: 2, 2: 0, 3: 0, 4: 2}",1
79,False,"{'a': 0.2, 'e': 0.6839999999999997}",25,11,-9.980204474888158,"{0: 10, 1: 2, 2: 2, 3: 0, 4: 0}",1
80,False,"{'a': 0.2, 'e': 0.6799999999999997}",25,0,-52.1190888190077,"{0: 19, 1: 3, 2: 2, 3: 0, 4: 1}",0
81,False,"{'a': 0.2, 'e': 0.6759999999999997}",20,10,-7.471021090586255,"{0: 8, 1: 0, 2: 2, 3: 0, 4: 0}",1
82,False,"{'a': 0.2, 'e': 0.6719999999999997}",20,0,-59.72898994373769,"{0: 16, 1: 0, 2: 2, 3: 1, 4: 1}",0
83,False,"{'a': 0.2, 'e': 0.6679999999999997}",20,0,-52.00785264634388,"{0: 15, 1: 2, 2: 2, 3: 0, 4: 1}",0
84,False,"{'a': 0.2, 'e': 0.6639999999999997}",20,10,-46.11035891054531,"{0: 7, 1: 0, 2: 2, 3: 0, 4: 1}",1
85,False,"{'a': 0.2, 'e': 0.6599999999999997}",20,0,17.277020502877722,"{0: 19, 1: 0, 2: 1, 3: 0, 4: 0}",0
86,False,"{'a': 0.2, 'e': 0.6559999999999997}",20,0,-117.1425071638205,"{0: 12, 1: 2, 2: 4, 3: 0, 4: 2}",0
87,False,"{'a': 0.2, 'e': 0.6519999999999997}",25,0,-59.074042003676816,"{0: 19, 1: 1, 2: 4, 3: 0, 4: 1}",0
88,False,"{'a': 0.2, 'e': 0.6479999999999997}",20,9,12.03313262727342,"{0: 10, 1: 1, 2: 0, 3: 0, 4: 0}",1
89,False,"{'a': 0.2, 'e': 0.6439999999999997}",20,16,8.2815552850026,"{0: 4, 1: 0, 2: 0, 3: 0, 4: 0}",1
90,False,"{'a': 0.2, 'e': 0.6399999999999997}",25,0,-84.2461238203618,"{0: 18, 1: 0, 2: 6, 3: 0, 4: 1}",0
91,False,"{'a': 0.2, 'e': 0.6359999999999997}",30,12,-15.32009233090681,"{0: 14, 1: 0, 2: 4, 3: 0, 4: 0}",1
92,False,"{'a': 0.2, 'e': 0.6319999999999997}",20,14,-21.566694816472832,"{0: 4, 1: 0, 2: 1, 3: 1, 4: 0}",1
93,False,"{'a': 0.2, 'e': 0.6279999999999997}",25,0,-157.79000289390208,"{0: 14, 1: 2, 2: 6, 3: 1, 4: 2}",0
94,False,"{'a': 0.2, 'e': 0.6239999999999997}",25,0,-65.95579839096503,"{0: 18, 1: 1, 2: 5, 3: 0, 4: 1}",0
95,False,"{'a': 0.2, 'e': 0.6199999999999997}",30,0,-48.99493342776205,"{0: 23, 1: 3, 2: 3, 3: 0, 4: 1}",0
96,False,"{'a': 0.2, 'e': 0.6159999999999997}",25,14,-68.65785704018928,"{0: 5, 1: 2, 2: 3, 3: 0, 4: 1}",1
97,False,"{'a': 0.2, 'e': 0.6119999999999997}",25,0,-71.65563776254396,"{0: 21, 1: 0, 2: 2, 3: 0, 4: 2}",0
98,False,"{'a': 0.2, 'e': 0.6079999999999997}",20,3,-49.39790700379419,"{0: 12, 1: 2, 2: 2, 3: 0, 4: 1}",1
99,False,"{'a': 0.2, 'e': 0.6039999999999996}",25,0,-2.900942436193459,"{0: 20, 1: 4, 2: 1, 3: 0, 4: 0}",0
100,False,"{'a': 0.2, 'e': 0.5999999999999996}",30,20,-13.380794872655214,"{0: 7, 1: 1, 2: 2, 3: 0, 4: 0}",1
101,False,"{'a': 0.2, 'e': 0.5959999999999996}",20,2,-54.90762555714717,"{0: 13, 1: 2, 2: 2, 3: 0, 4: 1}",1
102,False,"{'a': 0.2, 'e': 0.5919999999999996}",20,0,-75.98311322936523,"{0: 16, 1: 1, 2: 1, 3: 0, 4: 2}",0
103,False,"{'a': 0.2, 'e': 0.5879999999999996}",25,0,-13.88657365545312,"{0: 20, 1: 1, 2: 4, 3: 0, 4: 0}",0
104,False,"{'a': 0.2, 'e': 0.5839999999999996}",25,0,3.492120699553175,"{0: 22, 1: 1, 2: 2, 3: 0, 4: 0}",0
105,False,"{'a': 0.2, 'e': 0.5799999999999996}",20,13,11.372933645692154,"{0: 7, 1: 0, 2: 0, 3: 0, 4: 0}",1
106,False,"{'a': 0.2, 'e': 0.5759999999999996}",35,26,-22.472124265400453,"{0: 8, 1: 0, 2: 0, 3: 0, 4: 1}",1
107,False,"{'a': 0.2, 'e': 0.5719999999999996}",20,12,-5.230685838445397,"{0: 6, 1: 1, 2: 1, 3: 0, 4: 0}",1
108,False,"{'a': 0.2, 'e': 0.5679999999999996}",20,0,-113.00104878571653,"{0: 9, 1: 4, 2: 5, 3: 1, 4: 1}",0
109,False,"{'a': 0.2, 'e': 0.5639999999999996}",20,0,-55.419965610451406,"{0: 15, 1: 1, 2: 3, 3: 0, 4: 1}",0
110,False,"{'a': 0.2, 'e': 0.5599999999999996}",25,0,-16.683869233469075,"{0: 19, 1: 3, 2: 3, 3: 0, 4: 0}",0
111,False,"{'a': 0.2, 'e': 0.5559999999999996}",20,0,-44.77397642191331,"{0: 14, 1: 4, 2: 1, 3: 0, 4: 1}",0
112,False,"{'a': 0.2, 'e': 0.5519999999999996}",25,0,-104.91403345788983,"{0: 18, 1: 1, 2: 4, 3: 0, 4: 2}",0
113,False,"{'a': 0.2, 'e': 0.5479999999999996}",20,0,-127.42273497037537,"{0: 12, 1: 1, 2: 4, 3: 1, 4: 2}",0
114,False,"{'a': 0.2, 'e': 0.5439999999999996}",25,12,-42.05916763140812,"{0: 10, 1: 0, 2: 2, 3: 0, 4: 1}",1
115,False,"{'a': 0.2, 'e': 0.5399999999999996}",25,12,6.5251042039276985,"{0: 11, 1: 1, 2: 1, 3: 0, 4: 0}",1
116,False,"{'a': 0.2, 'e': 0.5359999999999996}",35,18,-22.72308942616383,"{0: 15, 1: 0, 2: 1, 3: 0, 4: 1}",1
117,False,"{'a': 0.2, 'e': 0.5319999999999996}",30,0,-60.565343110338084,"{0: 23, 1: 2, 2: 4, 3: 0, 4: 1}",0
118,False,"{'a': 0.2, 'e': 0.5279999999999996}",25,10,19.17821271068424,"{0: 14, 1: 1, 2: 0, 3: 0, 4: 0}",1
119,False,"{'a': 0.2, 'e': 0.5239999999999996}",20,0,-51.5364470250521,"{0: 15, 1: 1, 2: 3, 3: 0, 4: 1}",1
120,False,"{'a': 0.2, 'e': 0.5199999999999996}",25,5,-41.50302670133764,"{0: 15, 1: 2, 2: 2, 3: 0, 4: 1}",1
121,False,"{'a': 0.2, 'e': 0.5159999999999996}",25,0,-70.56575592446447,"{0: 19, 1: 1, 2: 3, 3: 1, 4: 1}",0
122,False,"{'a': 0.2, 'e': 0.5119999999999996}",25,5,20.163295597802914,"{0: 19, 1: 0, 2: 1, 3: 0, 4: 0}",1
123,False,"{'a': 0.2, 'e': 0.5079999999999996}",25,0,-105.31372204220173,"{0: 18, 1: 1, 2: 4, 3: 0, 4: 2}",0
124,False,"{'a': 0.2, 'e': 0.5039999999999996}",30,4,-36.70937856950576,"{0: 23, 1: 0, 2: 1, 3: 1, 4: 1}",1
125,False,"{'a': 0.2, 'e': 0.49999999999999956}",20,11,-8.970123833374334,"{0: 7, 1: 0, 2: 2, 3: 0, 4: 0}",1
126,False,"{'a': 0.2, 'e': 0.49599999999999955}",25,0,-47.502568304000775,"{0: 21, 1: 1, 2: 1, 3: 1, 4: 1}",0
127,False,"{'a': 0.2, 'e': 0.49199999999999955}",25,3,-82.11786280646845,"{0: 17, 1: 0, 2: 3, 3: 0, 4: 2}",1
128,False,"{'a': 0.2, 'e': 0.48799999999999955}",20,6,-2.5892834207068423,"{0: 12, 1: 0, 2: 2, 3: 0, 4: 0}",1
129,False,"{'a': 0.2, 'e': 0.48399999999999954}",20,6,-16.921886285175585,"{0: 10, 1: 1, 2: 3, 3: 0, 4: 0}",1
130,False,"{'a': 0.2, 'e': 0.47999999999999954}",20,7,-11.472288647424756,"{0: 10, 1: 1, 2: 2, 3: 0, 4: 0}",1
131,False,"{'a': 0.2, 'e': 0.47599999999999953}",30,12,-81.70188152451486,"{0: 13, 1: 1, 2: 2, 3: 0, 4: 2}",1
132,False,"{'a': 0.2, 'e': 0.47199999999999953}",25,18,-37.59040516934878,"{0: 5, 1: 1, 2: 0, 3: 0, 4: 1}",1
133,False,"{'a': 0.2, 'e': 0.4679999999999995}",20,6,12.168183700320773,"{0: 13, 1: 0, 2: 1, 3: 0, 4: 0}",1
134,False,"{'a': 0.2, 'e': 0.4639999999999995}",20,0,-9.462865453844369,"{0: 16, 1: 2, 2: 2, 3: 0, 4: 0}",0
135,False,"{'a': 0.2, 'e': 0.4599999999999995}",20,14,8.249542069708477,"{0: 6, 1: 0, 2: 0, 3: 0, 4: 0}",1
136,False,"{'a': 0.2, 'e': 0.4559999999999995}",25,3,4.7818955274236465,"{0: 18, 1: 3, 2: 1, 3: 0, 4: 0}",1
137,False,"{'a': 0.2, 'e': 0.4519999999999995}",25,16,6.426958950013213,"{0: 8, 1: 0, 2: 1, 3: 0, 4: 0}",1
138,False,"{'a': 0.2, 'e': 0.4479999999999995}",25,7,-46.43233432709367,"{0: 14, 1: 1, 2: 2, 3: 0, 4: 1}",1
139,False,"{'a': 0.2, 'e': 0.4439999999999995}",25,0,-55.54549618023649,"{0: 19, 1: 3, 2: 1, 3: 1, 4: 1}",0
140,False,"{'a': 0.2, 'e': 0.4399999999999995}",20,6,-56.76191804236463,"{0: 10, 1: 2, 2: 0, 3: 1, 4: 1}",1
141,False,"{'a': 0.2, 'e': 0.4359999999999995}",25,17,10.248538572198868,"{0: 7, 1: 1, 2: 0, 3: 0, 4: 0}",1
142,False,"{'a': 0.2, 'e': 0.4319999999999995}",20,3,-70.40290115807501,"{0: 11, 1: 1, 2: 4, 3: 0, 4: 1}",1
143,False,"{'a': 0.2, 'e': 0.4279999999999995}",25,11,-67.20279252917483,"{0: 8, 1: 1, 2: 4, 3: 0, 4: 1}",1
144,False,"{'a': 0.2, 'e': 0.4239999999999995}",20,0,-40.54313597963404,"{0: 14, 1: 2, 2: 3, 3: 1, 4: 0}",0
145,False,"{'a': 0.2, 'e': 0.4199999999999995}",20,0,-49.211442342523476,"{0: 16, 1: 0, 2: 3, 3: 0, 4: 1}",1
146,False,"{'a': 0.2, 'e': 0.4159999999999995}",20,2,27.308353321301425,"{0: 18, 1: 0, 2: 0, 3: 0, 4: 0}",1
147,False,"{'a': 0.2, 'e': 0.4119999999999995}",30,20,20.306902794172863,"{0: 10, 1: 0, 2: 0, 3: 0, 4: 0}",1
148,False,"{'a': 0.2, 'e': 0.4079999999999995}",25,3,-9.963466266699836,"{0: 17, 1: 3, 2: 2, 3: 0, 4: 0}",1
149,False,"{'a': 0.2, 'e': 0.40399999999999947}",25,15,21.506569055089013,"{0: 10, 1: 0, 2: 0, 3: 0, 4: 0}",1
150,False,"{'a': 0.2, 'e': 0.39999999999999947}",35,26,9.984871411577588,"{0: 8, 1: 1, 2: 0, 3: 0, 4: 0}",1
151,False,"{'a': 0.2, 'e': 0.39599999999999946}",25,0,17.77663158734733,"{0: 23, 1: 1, 2: 1, 3: 0, 4: 0}",0
152,False,"{'a': 0.2, 'e': 0.39199999999999946}",25,8,-44.43339458771924,"{0: 13, 1: 1, 2: 2, 3: 0, 4: 1}",1
153,False,"{'a': 0.2, 'e': 0.38799999999999946}",25,0,-30.551469839720003,"{0: 20, 1: 3, 2: 1, 3: 0, 4: 1}",1
154,False,"{'a': 0.2, 'e': 0.38399999999999945}",20,13,0.8120331626071142,"{0: 6, 1: 0, 2: 1, 3: 0, 4: 0}",1
155,False,"{'a': 0.2, 'e': 0.37999999999999945}",25,10,-16.91303968884388,"{0: 14, 1: 0, 2: 0, 3: 0, 4: 1}",1
156,False,"{'a': 0.2, 'e': 0.37599999999999945}",25,2,13.169740343035219,"{0: 21, 1: 0, 2: 2, 3: 0, 4: 0}",1
157,False,"{'a': 0.2, 'e': 0.37199999999999944}",30,0,-64.74700692875726,"{0: 24, 1: 1, 2: 3, 3: 1, 4: 1}",0
158,False,"{'a': 0.2, 'e': 0.36799999999999944}",20,8,-59.06060052914613,"{0: 9, 1: 0, 2: 1, 3: 1, 4: 1}",1
159,False,"{'a': 0.2, 'e': 0.36399999999999944}",25,8,8.319750331951049,"{0: 15, 1: 1, 2: 1, 3: 0, 4: 0}",1
160,False,"{'a': 0.2, 'e': 0.35999999999999943}",20,3,-25.702209134943775,"{0: 11, 1: 3, 2: 3, 3: 0, 4: 0}",1
161,False,"{'a': 0.2, 'e': 0.35599999999999943}",20,0,13.444689321274401,"{0: 19, 1: 0, 2: 1, 3: 0, 4: 0}",0
162,False,"{'a': 0.2, 'e': 0.3519999999999994}",20,3,-45.63616923383903,"{0: 13, 1: 1, 2: 2, 3: 0, 4: 1}",1
163,False,"{'a': 0.2, 'e': 0.3479999999999994}",25,3,-17.59741719545952,"{0: 20, 1: 0, 2: 1, 3: 0, 4: 1}",1
164,False,"{'a': 0.2, 'e': 0.3439999999999994}",25,4,-16.90666425547038,"{0: 16, 1: 1, 2: 4, 3: 0, 4: 0}",1
165,False,"{'a': 0.2, 'e': 0.3399999999999994}",20,8,-15.193208955273022,"{0: 10, 1: 0, 2: 1, 3: 1, 4: 0}",1
166,False,"{'a': 0.2, 'e': 0.3359999999999994}",25,16,16.833165501493262,"{0: 9, 1: 0, 2: 0, 3: 0, 4: 0}",1
167,False,"{'a': 0.2, 'e': 0.3319999999999994}",25,15,16.498970641506073,"{0: 10, 1: 0, 2: 0, 3: 0, 4: 0}",1
168,False,"{'a': 0.2, 'e': 0.3279999999999994}",30,16,5.978069480994092,"{0: 12, 1: 1, 2: 1, 3: 0, 4: 0}",1
169,False,"{'a': 0.2, 'e': 0.3239999999999994}",25,7,36.18127850441422,"{0: 18, 1: 0, 2: 0, 3: 0, 4: 0}",1
170,False,"{'a': 0.2, 'e': 0.3199999999999994}",25,7,-16.938692090848107,"{0: 16, 1: 0, 2: 1, 3: 0, 4: 1}",1
171,False,"{'a': 0.2, 'e': 0.3159999999999994}",30,15,29.310830492652503,"{0: 15, 1: 0, 2: 0, 3: 0, 4: 0}",1
172,False,"{'a': 0.2, 'e': 0.3119999999999994}",25,17,15.00394546939742,"{0: 8, 1: 0, 2: 0, 3: 0, 4: 0}",1
173,False,"{'a': 0.2, 'e': 0.3079999999999994}",20,13,1.4204744657251887,"{0: 6, 1: 0, 2: 1, 3: 0, 4: 0}",1
174,False,"{'a': 0.2, 'e': 0.3039999999999994}",25,3,10.03551738285355,"{0: 20, 1: 1, 2: 1, 3: 0, 4: 0}",1
175,False,"{'a': 0.2, 'e': 0.2999999999999994}",35,0,33.7381399175974,"{0: 33, 1: 2, 2: 0, 3: 0, 4: 0}",0
176,False,"{'a': 0.2, 'e': 0.2959999999999994}",20,5,-41.93754604274956,"{0: 12, 1: 0, 2: 2, 3: 0, 4: 1}",1
177,False,"{'a': 0.2, 'e': 0.29199999999999937}",20,0,-16.32433944804114,"{0: 16, 1: 0, 2: 4, 3: 0, 4: 0}",0
178,False,"{'a': 0.2, 'e': 0.28799999999999937}",20,0,0.263095798326499,"{0: 17, 1: 1, 2: 2, 3: 0, 4: 0}",0
179,False,"{'a': 0.2, 'e': 0.28399999999999936}",25,17,-50.767429412024576,"{0: 5, 1: 0, 2: 2, 3: 0, 4: 1}",1
180,False,"{'a': 0.2, 'e': 0.27999999999999936}",25,11,2.3365881952673835,"{0: 12, 1: 0, 2: 2, 3: 0, 4: 0}",1
181,False,"{'a': 0.2, 'e': 0.27599999999999936}",20,0,-1.9084073493468423,"{0: 17, 1: 1, 2: 2, 3: 0, 4: 0}",0
182,False,"{'a': 0.2, 'e': 0.27199999999999935}",20,5,13.100733015508649,"{0: 14, 1: 0, 2: 1, 3: 0, 4: 0}",1
183,False,"{'a': 0.2, 'e': 0.26799999999999935}",20,11,-78.40472243448502,"{0: 6, 1: 0, 2: 1, 3: 0, 4: 2}",1
184,False,"{'a': 0.2, 'e': 0.26399999999999935}",20,14,12.031551119204668,"{0: 6, 1: 0, 2: 0, 3: 0, 4: 0}",1
185,False,"{'a': 0.2, 'e': 0.25999999999999934}",25,17,17.664976884848702,"{0: 8, 1: 0, 2: 0, 3: 0, 4: 0}",1
186,False,"{'a': 0.2, 'e': 0.25599999999999934}",25,20,9.449062276311825,"{0: 5, 1: 0, 2: 0, 3: 0, 4: 0}",1
187,False,"{'a': 0.2, 'e': 0.25199999999999934}",25,11,21.411948094729908,"{0: 14, 1: 0, 2: 0, 3: 0, 4: 0}",1
188,False,"{'a': 0.2, 'e': 0.24799999999999933}",20,12,16.940845596472276,"{0: 8, 1: 0, 2: 0, 3: 0, 4: 0}",1
189,False,"{'a': 0.2, 'e': 0.24399999999999933}",30,19,7.316539759838604,"{0: 10, 1: 0, 2: 1, 3: 0, 4: 0}",1
190,False,"{'a': 0.2, 'e': 0.23999999999999932}",25,11,4.615416917079131,"{0: 12, 1: 0, 2: 2, 3: 0, 4: 0}",1
191,False,"{'a': 0.2, 'e': 0.23599999999999932}",25,18,11.920640214562045,"{0: 7, 1: 0, 2: 0, 3: 0, 4: 0}",1
192,False,"{'a': 0.2, 'e': 0.23199999999999932}",20,9,6.311131061766632,"{0: 10, 1: 0, 2: 1, 3: 0, 4: 0}",1
193,False,"{'a': 0.2, 'e': 0.22799999999999931}",25,3,16.14889317463986,"{0: 20, 1: 1, 2: 1, 3: 0, 4: 0}",1
194,False,"{'a': 0.2, 'e': 0.2239999999999993}",20,9,-3.4744657740259655,"{0: 9, 1: 0, 2: 2, 3: 0, 4: 0}",1
195,False,"{'a': 0.2, 'e': 0.2199999999999993}",20,12,13.060363037160249,"{0: 8, 1: 0, 2: 0, 3: 0, 4: 0}",1
196,False,"{'a': 0.2, 'e': 0.2159999999999993}",25,14,4.468268555105521,"{0: 10, 1: 0, 2: 1, 3: 0, 4: 0}",1
197,False,"{'a': 0.2, 'e': 0.2119999999999993}",20,10,6.691004826932859,"{0: 9, 1: 0, 2: 1, 3: 0, 4: 0}",1
198,False,"{'a': 0.2, 'e': 0.2079999999999993}",30,13,10.354182739356355,"{0: 15, 1: 1, 2: 1, 3: 0, 4: 0}",1
199,False,"{'a': 0.2, 'e': 0.2039999999999993}",30,8,25.512588878898065,"{0: 21, 1: 0, 2: 1, 3: 0, 4: 0}",1
200,False,"{'a': 0.2, 'e': 0.1999999999999993}",20,6,2.8460126040699905,"{0: 12, 1: 0, 2: 2, 3: 0, 4: 0}",1
201,False,"{'a': 0.2, 'e': 0.19599999999999929}",20,0,24.462373306516685,"{0: 19, 1: 1, 2: 0, 3: 0, 4: 0}",0
202,False,"{'a': 0.2, 'e': 0.19199999999999928}",30,19,21.854630161819284,"{0: 11, 1: 0, 2: 0, 3: 0, 4: 0}",1
203,False,"{'a': 0.2, 'e': 0.18799999999999928}",25,13,23.032394864022745,"{0: 12, 1: 0, 2: 0, 3: 0, 4: 0}",1
204,False,"{'a': 0.2, 'e': 0.18399999999999928}",30,5,-59.507560742296675,"{0: 19, 1: 1, 2: 4, 3: 0, 4: 1}",1
205,False,"{'a': 0.2, 'e': 0.17999999999999927}",25,14,0.768454212503165,"{0: 9, 1: 1, 2: 1, 3: 0, 4: 0}",1
206,False,"{'a': 0.2, 'e': 0.17599999999999927}",20,3,12.114322225727406,"{0: 15, 1: 1, 2: 1, 3: 0, 4: 0}",1
207,False,"{'a': 0.2, 'e': 0.17199999999999926}",25,11,20.733065888953146,"{0: 14, 1: 0, 2: 0, 3: 0, 4: 0}",1
208,False,"{'a': 0.2, 'e': 0.16799999999999926}",25,4,20.632926380338986,"{0: 20, 1: 0, 2: 1, 3: 0, 4: 0}",1
209,False,"{'a': 0.2, 'e': 0.16399999999999926}",20,9,-3.42592095551311,"{0: 9, 1: 0, 2: 2, 3: 0, 4: 0}",1
210,False,"{'a': 0.2, 'e': 0.15999999999999925}",30,9,37.543017049220815,"{0: 21, 1: 0, 2: 0, 3: 0, 4: 0}",1
211,False,"{'a': 0.2, 'e': 0.15599999999999925}",25,15,24.454584394242218,"{0: 10, 1: 0, 2: 0, 3: 0, 4: 0}",1
212,False,"{'a': 0.2, 'e': 0.15199999999999925}",30,23,12.763354842561908,"{0: 7, 1: 0, 2: 0, 3: 0, 4: 0}",1
213,False,"{'a': 0.2, 'e': 0.14799999999999924}",25,8,17.518076960894614,"{0: 16, 1: 0, 2: 1, 3: 0, 4: 0}",1
214,False,"{'a': 0.2, 'e': 0.14399999999999924}",25,10,-39.75434751723121,"{0: 12, 1: 0, 2: 2, 3: 0, 4: 1}",1
215,False,"{'a': 0.2, 'e': 0.13999999999999924}",20,15,-2.6842786118465956,"{0: 4, 1: 0, 2: 1, 3: 0, 4: 0}",1
216,False,"{'a': 0.2, 'e': 0.13599999999999923}",25,11,-9.200312609286026,"{0: 12, 1: 0, 2: 1, 3: 1, 4: 0}",1
217,False,"{'a': 0.2, 'e': 0.13199999999999923}",30,17,-19.125536190152182,"{0: 12, 1: 0, 2: 0, 3: 0, 4: 1}",1
218,False,"{'a': 0.2, 'e': 0.12799999999999923}",30,15,15.501525850077122,"{0: 14, 1: 0, 2: 1, 3: 0, 4: 0}",1
219,False,"{'a': 0.2, 'e': 0.12399999999999922}",25,16,4.9438033026205055,"{0: 8, 1: 0, 2: 1, 3: 0, 4: 0}",1
220,False,"{'a': 0.2, 'e': 0.11999999999999922}",20,12,-16.365172462906038,"{0: 6, 1: 0, 2: 1, 3: 1, 4: 0}",1
221,False,"{'a': 0.2, 'e': 0.11599999999999921}",20,0,30.458616497550516,"{0: 20, 1: 0, 2: 0, 3: 0, 4: 0}",0
222,False,"{'a': 0.2, 'e': 0.11199999999999921}",20,15,9.093163829412916,"{0: 5, 1: 0, 2: 0, 3: 0, 4: 0}",1
223,False,"{'a': 0.2, 'e': 0.10799999999999921}",30,12,37.5356786121218,"{0: 18, 1: 0, 2: 0, 3: 0, 4: 0}",1
224,False,"{'a': 0.2, 'e': 0.1039999999999992}",30,14,-13.396263323726641,"{0: 13, 1: 0, 2: 2, 3: 1, 4: 0}",1
225,False,"{'a': 0.2, 'e': 0.0999999999999992}",35,15,24.10932068833448,"{0: 19, 1: 0, 2: 1, 3: 0, 4: 0}",1
226,False,"{'a': 0.2, 'e': 0.0959999999999992}",30,15,11.91653909907994,"{0: 13, 1: 1, 2: 1, 3: 0, 4: 0}",1
227,False,"{'a': 0.2, 'e': 0.0919999999999992}",20,12,14.608757883605284,"{0: 8, 1: 0, 2: 0, 3: 0, 4: 0}",1
228,False,"{'a': 0.2, 'e': 0.08799999999999919}",30,21,17.263193239060424,"{0: 9, 1: 0, 2: 0, 3: 0, 4: 0}",1
229,False,"{'a': 0.2, 'e': 0.08399999999999919}",25,20,10.802070427056055,"{0: 5, 1: 0, 2: 0, 3: 0, 4: 0}",1
230,False,"{'a': 0.2, 'e': 0.07999999999999918}",20,11,14.891147579479895,"{0: 9, 1: 0, 2: 0, 3: 0, 4: 0}",1
231,False,"{'a': 0.2, 'e': 0.07599999999999918}",20,13,12.154730835835618,"{0: 7, 1: 0, 2: 0, 3: 0, 4: 0}",1
232,False,"{'a': 0.2, 'e': 0.07199999999999918}",20,15,9.747911735084411,"{0: 5, 1: 0, 2: 0, 3: 0, 4: 0}",1
233,False,"{'a': 0.2, 'e': 0.06799999999999917}",30,14,32.57551964249921,"{0: 16, 1: 0, 2: 0, 3: 0, 4: 0}",1
234,False,"{'a': 0.2, 'e': 0.06399999999999917}",25,19,12.369036274788293,"{0: 6, 1: 0, 2: 0, 3: 0, 4: 0}",1
235,False,"{'a': 0.2, 'e': 0.059999999999999165}",20,12,15.847636848847031,"{0: 8, 1: 0, 2: 0, 3: 0, 4: 0}",1
236,False,"{'a': 0.2, 'e': 0.05599999999999916}",25,11,27.483347941499474,"{0: 14, 1: 0, 2: 0, 3: 0, 4: 0}",1
237,False,"{'a': 0.2, 'e': 0.05199999999999916}",30,21,7.575499290354726,"{0: 8, 1: 0, 2: 1, 3: 0, 4: 0}",1
238,False,"{'a': 0.2, 'e': 0.047999999999999154}",25,17,15.941741302268017,"{0: 8, 1: 0, 2: 0, 3: 0, 4: 0}",1
239,False,"{'a': 0.2, 'e': 0.04399999999999915}",20,13,14.93513192890769,"{0: 7, 1: 0, 2: 0, 3: 0, 4: 0}",1
240,False,"{'a': 0.2, 'e': 0.03999999999999915}",30,15,23.071004772604944,"{0: 14, 1: 1, 2: 0, 3: 0, 4: 0}",1
241,False,"{'a': 0.2, 'e': 0.035999999999999144}",30,10,37.69493826151459,"{0: 20, 1: 0, 2: 0, 3: 0, 4: 0}",1
242,False,"{'a': 0.2, 'e': 0.03199999999999914}",30,16,27.642215668594694,"{0: 14, 1: 0, 2: 0, 3: 0, 4: 0}",1
243,False,"{'a': 0.2, 'e': 0.02799999999999914}",20,8,22.4036584658487,"{0: 12, 1: 0, 2: 0, 3: 0, 4: 0}",1
244,False,"{'a': 0.2, 'e': 0.02399999999999914}",20,1,30.277496902665234,"{0: 19, 1: 0, 2: 0, 3: 0, 4: 0}",1
245,False,"{'a': 0.2, 'e': 0.01999999999999914}",30,18,24.77723753286526,"{0: 12, 1: 0, 2: 0, 3: 0, 4: 0}",1
246,False,"{'a': 0.2, 'e': 0.01599999999999914}",25,8,33.37566123324772,"{0: 17, 1: 0, 2: 0, 3: 0, 4: 0}",1
247,False,"{'a': 0.2, 'e': 0.01199999999999914}",25,16,16.200257741990885,"{0: 9, 1: 0, 2: 0, 3: 0, 4: 0}",1
248,False,"{'a': 0.2, 'e': 0.00799999999999914}",20,9,19.63537416983467,"{0: 11, 1: 0, 2: 0, 3: 0, 4: 0}",1
249,False,"{'a': 0.2, 'e': 0.00399999999999914}",25,20,8.428110699516772,"{0: 5, 1: 0, 2: 0, 3: 0, 4: 0}",1
1,True,"{'a': 0, 'e': 0}",20,12,13.316561485337196,"{0: 8, 1: 0, 2: 0, 3: 0, 4: 0}",1
2,True,"{'a': 0, 'e': 0}",25,12,20.023663526640817,"{0: 13, 1: 0, 2: 0, 3: 0, 4: 0}",1
3,True,"{'a': 0, 'e': 0}",25,20,8.556671374541278,"{0: 5, 1: 0, 2: 0, 3: 0, 4: 0}",1
4,True,"{'a': 0, 'e': 0}",30,24,13.467122141045524,"{0: 6, 1: 0, 2: 0, 3: 0, 4: 0}",1
5,True,"{'a': 0, 'e': 0}",25,12,21.25194876513831,"{0: 13, 1: 0, 2: 0, 3: 0, 4: 0}",1
6,True,"{'a': 0, 'e': 0}",25,11,28.977238019201526,"{0: 14, 1: 0, 2: 0, 3: 0, 4: 0}",1
7,True,"{'a': 0, 'e': 0}",25,13,23.569197409382344,"{0: 12, 1: 0, 2: 0, 3: 0, 4: 0}",1
8,True,"{'a': 0, 'e': 0}",25,17,12.152885516641378,"{0: 8, 1: 0, 2: 0, 3: 0, 4: 0}",1
9,True,"{'a': 0, 'e': 0}",25,12,25.625692710011624,"{0: 13, 1: 0, 2: 0, 3: 0, 4: 0}",1
10,True,"{'a': 0, 'e': 0}",20,10,18.371170329570806,"{0: 10, 1: 0, 2: 0, 3: 0, 4: 0}",1
11,True,"{'a': 0, 'e': 0}",30,16,27.364445503156194,"{0: 14, 1: 0, 2: 0, 3: 0, 4: 0}",1
12,True,"{'a': 0, 'e': 0}",20,14,13.394535952585796,"{0: 6, 1: 0, 2: 0, 3: 0, 4: 0}",1
13,True,"{'a': 0, 'e': 0}",35,19,31.250075563475022,"{0: 16, 1: 0, 2: 0, 3: 0, 4: 0}",1
14,True,"{'a': 0, 'e': 0}",25,18,14.554997992074664,"{0: 7, 1: 0, 2: 0, 3: 0, 4: 0}",1
15,True,"{'a': 0, 'e': 0}",25,10,28.2573148059457,"{0: 15, 1: 0, 2: 0, 3: 0, 4: 0}",1
16,True,"{'a': 0, 'e': 0}",20,15,6.431158022320998,"{0: 5, 1: 0, 2: 0, 3: 0, 4: 0}",1
17,True,"{'a': 0, 'e': 0}",25,17,13.947899505495517,"{0: 8, 1: 0, 2: 0, 3: 0, 4: 0}",1
18,True,"{'a': 0, 'e': 0}",20,14,10.922163649361444,"{0: 6, 1: 0, 2: 0, 3: 0, 4: 0}",1
19,True,"{'a': 0, 'e': 0}",20,13,10.338591070270995,"{0: 7, 1: 0, 2: 0, 3: 0, 4: 0}",1
20,True,"{'a': 0, 'e': 0}",20,12,15.263216364421488,"{0: 8, 1: 0, 2: 0, 3: 0, 4: 0}",1
21,True,"{'a': 0, 'e': 0}",25,20,9.322030725904954,"{0: 5, 1: 0, 2: 0, 3: 0, 4: 0}",1
22,True,"{'a': 0, 'e': 0}",25,19,11.049531115390472,"{0: 6, 1: 0, 2: 0, 3: 0, 4: 0}",1
23,True,"{'a': 0, 'e': 0}",20,16,8.747148098133755,"{0: 4, 1: 0, 2: 0, 3: 0, 4: 0}",1
24,True,"{'a': 0, 'e': 0}",25,19,8.45325507785544,"{0: 6, 1: 0, 2: 0, 3: 0, 4: 0}",1
25,True,"{'a': 0, 'e': 0}",20,13,13.720012822472512,"{0: 7, 1: 0, 2: 0, 3: 0, 4: 0}",1
26,True,"{'a': 0, 'e': 0}",25,9,30.608579115159976,"{0: 16, 1: 0, 2: 0, 3: 0, 4: 0}",1
27,True,"{'a': 0, 'e': 0}",20,9,19.16142891546248,"{0: 11, 1: 0, 2: 0, 3: 0, 4: 0}",1
28,True,"{'a': 0, 'e': 0}",30,8,35.38194708095886,"{0: 22, 1: 0, 2: 0, 3: 0, 4: 0}",1
29,True,"{'a': 0, 'e': 0}",25,13,22.825484596737418,"{0: 12, 1: 0, 2: 0, 3: 0, 4: 0}",1
30,True,"{'a': 0, 'e': 0}",30,17,26.69894760322675,"{0: 13, 1: 0, 2: 0, 3: 0, 4: 0}",1
31,True,"{'a': 0, 'e': 0}",20,10,20.47173812518582,"{0: 10, 1: 0, 2: 0, 3: 0, 4: 0}",1
32,True,"{'a': 0, 'e': 0}",20,16,6.616811542650148,"{0: 4, 1: 0, 2: 0, 3: 0, 4: 0}",1
33,True,"{'a': 0, 'e': 0}",30,14,33.69337658758343,"{0: 16, 1: 0, 2: 0, 3: 0, 4: 0}",1
34,True,"{'a': 0, 'e': 0}",25,11,23.130056078038788,"{0: 14, 1: 0, 2: 0, 3: 0, 4: 0}",1
35,True,"{'a': 0, 'e': 0}",20,8,21.021766093253415,"{0: 12, 1: 0, 2: 0, 3: 0, 4: 0}",1
36,True,"{'a': 0, 'e': 0}",20,9,20.394958268252623,"{0: 11, 1: 0, 2: 0, 3: 0, 4: 0}",1
37,True,"{'a': 0, 'e': 0}",25,14,19.244391198212842,"{0: 11, 1: 0, 2: 0, 3: 0, 4: 0}",1
38,True,"{'a': 0, 'e': 0}",25,17,14.539198971539133,"{0: 8, 1: 0, 2: 0, 3: 0, 4: 0}",1
39,True,"{'a': 0, 'e': 0}",25,13,20.61458624216234,"{0: 12, 1: 0, 2: 0, 3: 0, 4: 0}",1
40,True,"{'a': 0, 'e': 0}",30,21,16.52373829848507,"{0: 9, 1: 0, 2: 0, 3: 0, 4: 0}",1
41,True,"{'a': 0, 'e': 0}",30,15,28.18887941103099,"{0: 15, 1: 0, 2: 0, 3: 0, 4: 0}",1
42,True,"{'a': 0, 'e': 0}",25,8,28.18673181240243,"{0: 17, 1: 0, 2: 0, 3: 0, 4: 0}",1
43,True,"{'a': 0, 'e': 0}",20,8,20.474447025395893,"{0: 12, 1: 0, 2: 0, 3: 0, 4: 0}",1
44,True,"{'a': 0, 'e': 0}",20,10,17.45212114508455,"{0: 10, 1: 0, 2: 0, 3: 0, 4: 0}",1
45,True,"{'a': 0, 'e': 0}",30,18,20.77157719433607,"{0: 12, 1: 0, 2: 0, 3: 0, 4: 0}",1
46,True,"{'a': 0, 'e': 0}",20,13,13.550163561456671,"{0: 7, 1: 0, 2: 0, 3: 0, 4: 0}",1
47,True,"{'a': 0, 'e': 0}",25,10,28.697936924223033,"{0: 15, 1: 0, 2: 0, 3: 0, 4: 0}",1
48,True,"{'a': 0, 'e': 0}",25,10,27.468133454402732,"{0: 15, 1: 0, 2: 0, 3: 0, 4: 0}",1
49,True,"{'a': 0, 'e': 0}",30,13,33.543071387595496,"{0: 17, 1: 0, 2: 0, 3: 0, 4: 0}",1
50,True,"{'a': 0, 'e': 0}",20,10,19.19139095388366,"{0: 10, 1: 0, 2: 0, 3: 0, 4: 0}",1
51,True,"{'a': 0, 'e': 0}",20,12,13.308785223941111,"{0: 8, 1: 0, 2: 0, 3: 0, 4: 0}",1
52,True,"{'a': 0, 'e': 0}",20,6,22.73734182363307,"{0: 14, 1: 0, 2: 0, 3: 0, 4: 0}",1
53,True,"{'a': 0, 'e': 0}",25,16,18.418788041821237,"{0: 9, 1: 0, 2: 0, 3: 0, 4: 0}",1
54,True,"{'a': 0, 'e': 0}",20,12,14.84439515205816,"{0: 8, 1: 0, 2: 0, 3: 0, 4: 0}",1
55,True,"{'a': 0, 'e': 0}",30,20,20.400575387133028,"{0: 10, 1: 0, 2: 0, 3: 0, 4: 0}",1
56,True,"{'a': 0, 'e': 0}",20,6,28.481455994095437,"{0: 14, 1: 0, 2: 0, 3: 0, 4: 0}",1
57,True,"{'a': 0, 'e': 0}",25,11,24.024058457110886,"{0: 14, 1: 0, 2: 0, 3: 0, 4: 0}",1
58,True,"{'a': 0, 'e': 0}",20,9,17.13620190050404,"{0: 11, 1: 0, 2: 0, 3: 0, 4: 0}",1
59,True,"{'a': 0, 'e': 0}",20,3,32.703430321493286,"{0: 17, 1: 0, 2: 0, 3: 0, 4: 0}",1
60,True,"{'a': 0, 'e': 0}",35,23,19.245248302077137,"{0: 12, 1: 0, 2: 0, 3: 0, 4: 0}",1
61,True,"{'a': 0, 'e': 0}",30,16,27.61477650759966,"{0: 14, 1: 0, 2: 0, 3: 0, 4: 0}",1
62,True,"{'a': 0, 'e': 0}",20,13,13.62682660804596,"{0: 7, 1: 0, 2: 0, 3: 0, 4: 0}",1
63,True,"{'a': 0, 'e': 0}",25,11,27.920131392828537,"{0: 14, 1: 0, 2: 0, 3: 0, 4: 0}",1
64,True,"{'a': 0, 'e': 0}",20,13,12.042729428210556,"{0: 7, 1: 0, 2: 0, 3: 0, 4: 0}",1
65,True,"{'a': 0, 'e': 0}",25,11,27.801796839814884,"{0: 14, 1: 0, 2: 0, 3: 0, 4: 0}",1
66,True,"{'a': 0, 'e': 0}",20,8,27.41376355730186,"{0: 12, 1: 0, 2: 0, 3: 0, 4: 0}",1
67,True,"{'a': 0, 'e': 0}",25,8,37.325123051628836,"{0: 17, 1: 0, 2: 0, 3: 0, 4: 0}",1
68,True,"{'a': 0, 'e': 0}",30,12,34.1639365026623,"{0: 18, 1: 0, 2: 0, 3: 0, 4: 0}",1
69,True,"{'a': 0, 'e': 0}",30,21,18.30174319812766,"{0: 9, 1: 0, 2: 0, 3: 0, 4: 0}",1
70,True,"{'a': 0, 'e': 0}",20,7,25.293910680443954,"{0: 13, 1: 0, 2: 0, 3: 0, 4: 0}",1
71,True,"{'a': 0, 'e': 0}",20,12,13.7259093791688,"{0: 8, 1: 0, 2: 0, 3: 0, 4: 0}",1
72,True,"{'a': 0, 'e': 0}",30,16,23.073941819424622,"{0: 14, 1: 0, 2: 0, 3: 0, 4: 0}",1
73,True,"{'a': 0, 'e': 0}",25,8,32.51467562755717,"{0: 17, 1: 0, 2: 0, 3: 0, 4: 0}",1
74,True,"{'a': 0, 'e': 0}",20,16,8.42889890990231,"{0: 4, 1: 0, 2: 0, 3: 0, 4: 0}",1
75,True,"{'a': 0, 'e': 0}",20,12,14.89765202810368,"{0: 8, 1: 0, 2: 0, 3: 0, 4: 0}",1
76,True,"{'a': 0, 'e': 0}",30,18,27.892785827812038,"{0: 12, 1: 0, 2: 0, 3: 0, 4: 0}",1
77,True,"{'a': 0, 'e': 0}",20,16,7.917092121101941,"{0: 4, 1: 0, 2: 0, 3: 0, 4: 0}",1
78,True,"{'a': 0, 'e': 0}",25,11,25.044322558320445,"{0: 14, 1: 0, 2: 0, 3: 0, 4: 0}",1
79,True,"{'a': 0, 'e': 0}",25,8,34.5121536622909,"{0: 17, 1: 0, 2: 0, 3: 0, 4: 0}",1
80,True,"{'a': 0, 'e': 0}",20,11,15.529581484017386,"{0: 9, 1: 0, 2: 0, 3: 0, 4: 0}",1
81,True,"{'a': 0, 'e': 0}",20,9,20.91461474676431,"{0: 11, 1: 0, 2: 0, 3: 0, 4: 0}",1
82,True,"{'a': 0, 'e': 0}",30,13,35.15979166221241,"{0: 17, 1: 0, 2: 0, 3: 0, 4: 0}",1
83,True,"{'a': 0, 'e': 0}",20,8,25.20631283276669,"{0: 12, 1: 0, 2: 0, 3: 0, 4: 0}",1
84,True,"{'a': 0, 'e': 0}",25,18,9.315649422807628,"{0: 7, 1: 0, 2: 0, 3: 0, 4: 0}",1
85,True,"{'a': 0, 'e': 0}",25,17,13.447905258980416,"{0: 8, 1: 0, 2: 0, 3: 0, 4: 0}",1
86,True,"{'a': 0, 'e': 0}",20,10,19.667267366612755,"{0: 10, 1: 0, 2: 0, 3: 0, 4: 0}",1
87,True,"{'a': 0, 'e': 0}",25,19,13.82593321417838,"{0: 6, 1: 0, 2: 0, 3: 0, 4: 0}",1
88,True,"{'a': 0, 'e': 0}",20,16,8.310533112501442,"{0: 4, 1: 0, 2: 0, 3: 0, 4: 0}",1
89,True,"{'a': 0, 'e': 0}",20,13,12.72859502102347,"{0: 7, 1: 0, 2: 0, 3: 0, 4: 0}",1
90,True,"{'a': 0, 'e': 0}",35,22,24.783077485672507,"{0: 13, 1: 0, 2: 0, 3: 0, 4: 0}",1
91,True,"{'a': 0, 'e': 0}",20,12,13.940612443396564,"{0: 8, 1: 0, 2: 0, 3: 0, 4: 0}",1
92,True,"{'a': 0, 'e': 0}",25,7,33.10668256987817,"{0: 18, 1: 0, 2: 0, 3: 0, 4: 0}",1
93,True,"{'a': 0, 'e': 0}",30,14,35.54299702995028,"{0: 16, 1: 0, 2: 0, 3: 0, 4: 0}",1
94,True,"{'a': 0, 'e': 0}",25,13,25.122955045920808,"{0: 12, 1: 0, 2: 0, 3: 0, 4: 0}",1
95,True,"{'a': 0, 'e': 0}",25,16,17.38003000672169,"{0: 9, 1: 0, 2: 0, 3: 0, 4: 0}",1
96,True,"{'a': 0, 'e': 0}",25,11,29.368633865294267,"{0: 14, 1: 0, 2: 0, 3: 0, 4: 0}",1
97,True,"{'a': 0, 'e': 0}",25,11,24.84876610359135,"{0: 14, 1: 0, 2: 0, 3: 0, 4: 0}",1
98,True,"{'a': 0, 'e': 0}",30,21,18.690771160736258,"{0: 9, 1: 0, 2: 0, 3: 0, 4: 0}",1
99,True,"{'a': 0, 'e': 0}",20,12,16.336552163273723,"{0: 8, 1: 0, 2: 0, 3: 0, 4: 0}",1
100,True,"{'a': 0, 'e': 0}",25,17,15.092865387985519,"{0: 8, 1: 0, 2: 0, 3: 0, 4: 0}",1
